{"cameraMode":{"drawMode":0,"name":"Shaded","section":"Shading Mode"},"sceneLighting":true,"audioPlay":false,"sceneViewState":{"m_AlwaysRefresh":false,"showFog":true,"showSkybox":true,"showFlares":true,"showImageEffects":true,"showParticleSystems":true,"showVisualEffectGraphs":true,"m_FxEnabled":true},"in2DMode":false,"pivot":{"x":-0.039999961853027347,"y":13.729999542236329,"z":-11.149999618530274},"rotation":{"x":0.3200214207172394,"y":-0.01818184182047844,"z":0.006141559686511755,"w":0.9472334980964661},"size":5.8243513107299809,"orthographic":false}